,Region,Country,Code,GAVI2004,GAVI2005,GAVI2006,GAVI2007,GAVI2008,GAVI2009,GAVI2010,GAVI2011,GAVI2012,GAVI2013,GAVI2014,GAVI2015,GAVI2016,GAVI2017,GAVI2018,GAVI2019,Pol3GAVI,Pol3GAVIa,DPT3GAVI,DPT3GAVIa,Polio,DPT3,VA,PS,RL,RQ,GE,CC,Importance,Safety,Effectiveness,GNI
1,EMR,Afghanistan,AFG,,,,,,,,,,,,,,,,,1,TRUE,1,TRUE,73,66,0.99,2.65,1.71,1.12,1.46,1.4,0.021,0.0447,0.0184,560
2,EUR,Albania,ALB,,,,,,,,,,,,,,,,,0,FALSE,0,FALSE,99,99,0.15,0.12,0.41,0.27,0.06,0.53,0.0167,0.1585,0.0896,4333.333333
3,AFR,Algeria,DZA,,,,,,,,,,,,,,,,,0,FALSE,0,FALSE,91,91,1.04,1,0.82,1.3,0.52,0.62,0.037,0.1128,0.077,4386.666667
4,EUR,Andorra,AND,,,,,,,,,,,,,,,,,0,FALSE,0,FALSE,99,99,NA,NA,NA,NA,NA,NA,NA,NA,NA,NA
5,AFR,Angola,AGO,,,,,,,,,,,,,,,,,1,TRUE,1,TRUE,51,57,0.78,0.31,1.05,0.89,1.12,1.05,NA,NA,NA,3913.333333
6,AMR,Antigua and Barbuda,ATG,,,,,,,,,,,,,,,,,0,FALSE,0,FALSE,95,95,0.76,0.96,0.41,0.49,0,0.28,NA,NA,NA,13583.33333
7,AMR,Argentina,ARG,,,,,,,,,,,,,,,,,0,FALSE,0,FALSE,84,86,0.6,0.12,0.43,0.49,0.09,0.07,0.0121,0.0485,0.0295,12643.33333
8,EUR,Armenia,ARM,,,,,,,,,,,,,,,,,1,TRUE,1,TRUE,94,92,0.05,0.51,0.13,0.25,0.07,0.18,0.1218,0.2057,0.1247,3906.666667
9,WPR,Australia,AUS,,,,,,,,,,,,,,,,,0,FALSE,0,FALSE,95,95,1.32,1.09,1.73,1.87,1.57,1.81,0.0327,0.069,0.0409,55400
10,EUR,Austria,AUT,,,,,,,,,,,,,,,,,0,FALSE,0,FALSE,85,85,1.33,0.98,1.88,1.46,1.49,1.55,0.1179,0.2105,0.1129,46226.66667
11,EUR,Azerbaijan,AZE,,,,,,,,,,,,,,,,,1,TRUE,1,TRUE,96,94,1.49,0.68,0.58,0.23,0.14,0.87,0.0832,0.1123,0.0842,5140
12,AMR,Bahamas,BHS,,,,,,,,,,,,,,,,,0,FALSE,0,FALSE,86,86,0.93,0.83,0.08,0.05,0.49,1.18,NA,NA,NA,29503.33333
13,EMR,Bahrain,BHR,,,,,,,,,,,,,,,,,0,FALSE,0,FALSE,99,99,1.41,0.66,0.49,0.49,0.3,0.01,NA,NA,NA,21800
14,SEAR,Bangladesh,BGD,,,,,,,,,,,,,,,,,1,TRUE,1,TRUE,98,98,0.72,0.92,0.64,0.93,0.74,0.99,0.004,0.0091,0.0045,1370
15,AMR,Barbados,BRB,,,,,,,,,,,,,,,,,0,FALSE,0,FALSE,91,90,1.13,0.94,0.36,0.41,0.63,1.26,NA,NA,NA,15910
16,EUR,Belarus,BLR,,,,,,,,,,,,,,,,,0,FALSE,0,FALSE,98,98,1.4,0.29,0.79,0.54,0.18,0.06,0.076,0.1478,0.0984,5876.666667
17,EUR,Belgium,BEL,,,,,,,,,,,,,,,,,0,FALSE,0,FALSE,98,98,1.37,0.48,1.36,1.29,1.03,1.55,0.047,0.2064,0.0534,43786.66667
18,AMR,Belize,BLZ,,,,,,,,,,,,,,,,,0,FALSE,0,FALSE,98,98,0.53,0.07,0.78,0.54,0.68,0.2,NA,NA,NA,4386.666667
19,AFR,Benin,BEN,,,,,,,,,,,,,,,,,1,TRUE,1,TRUE,75,76,0.09,0.35,0.66,0.38,0.44,0.32,0.018,0.1402,0.0661,1126.666667
20,SEAR,Bhutan,BTN,,,,,,,,,,,,,,,,,1,TRUE,1,TRUE,97,97,0.1,1.09,0.59,0.33,0.31,1.62,NA,NA,NA,2656.666667
21,AMR,Bolivia (Plurinational State of),BOL,,,,,,,,,,,,,,,,,1,TRUE,0,FALSE,75,75,0.09,0.62,1.12,0.99,0.7,0.74,0.0177,0.131,0.0865,3030
22,EUR,Bosnia and Herzegovina,BIH,,,,,,,,,,,,,,,,,0,FALSE,0,FALSE,73,73,0.2,0.4,0.23,0.19,0.63,0.61,0.0587,0.083,0.062,5153.333333
23,AFR,Botswana,BWA,,,,,,,,,,,,,,,,,0,FALSE,0,FALSE,96,95,0.53,1.01,0.5,0.37,0.43,0.71,0.0383,0.09,0.0408,6696.666667
24,AMR,Brazil,BRA,,,,,,,,,,,,,,,,,0,FALSE,0,FALSE,85,73,0.34,0.55,0.18,0.18,0.19,0.33,0.0051,0.0905,0.0668,9270
25,WPR,Brunei Darussalam,BRN,,,,,,,,,,,,,,,,,0,FALSE,0,FALSE,99,99,0.95,1.17,0.61,0.63,1.32,0.8,NA,NA,NA,33940
26,EUR,Bulgaria,BGR,,,,,,,,,,,,,,,,,0,FALSE,0,FALSE,92,92,0.38,0.54,0.04,0.53,0.34,0.16,0.0692,0.1562,0.0644,7506.666667
27,AFR,Burkina Faso,BFA,,,,,,,,,,,,,,,,,1,TRUE,1,TRUE,91,91,0.18,1.19,0.43,0.38,0.76,0.19,0.0287,0.2075,0.0862,683.3333333
28,AFR,Burundi,BDI,,,,,,,,,,,,,,,,,1,TRUE,1,TRUE,93,93,1.71,1.65,1.43,0.95,1.33,1.46,0.0066,0.0653,0.0348,270
29,AFR,Cabo Verde,CPV,,,,,,,,,,,,,,,,,0,FALSE,0,FALSE,97,96,0.97,0.88,0.52,0.22,0.29,0.87,NA,NA,NA,3140
30,WPR,Cambodia,KHM,,,,,,,,,,,,,,,,,1,TRUE,1,TRUE,94,92,1.2,0.08,0.94,0.57,0.58,1.3,NA,0.0754,0.0204,1143.333333
31,AFR,Cameroon,CMR,,,,,,,,,,,,,,,,,1,TRUE,1,TRUE,68,67,1.19,1.56,1.12,0.83,0.81,1.21,0.0182,0.1311,0.0955,1386.666667
32,AMR,Canada,CAN,,,,,,,,,,,,,,,,,0,FALSE,0,FALSE,91,91,1.46,1.03,1.76,1.72,1.73,1.77,0.0537,0.0833,0.058,44793.33333
33,AFR,Central African Republic,CAF,,,,,,,,,,,,,,,,,1,TRUE,1,TRUE,47,47,1.2,2.18,1.73,1.37,1.75,1.23,NA,NA,NA,416.6666667
34,AFR,Chad,TCD,,,,,,,,,,,,,,,,,1,TRUE,1,TRUE,47,50,1.42,1.34,1.28,1.12,1.57,1.42,0.0434,0.1005,0.071,750
35,AMR,Chile,CHL,,,,,,,,,,,,,,,,,0,FALSE,0,FALSE,96,96,1.02,0.21,1.07,1.22,1.06,1.09,0.0399,0.1138,0.0646,13590
36,WPR,China,CHN,,,,,,,,,,,,,,,,,0,FALSE,0,FALSE,99,99,1.61,0.24,0.27,0.24,0.52,0.32,0.0187,0.0829,0.0283,8316.666667
37,AMR,Colombia,COL,,,,,,,,,,,,,,,,,0,FALSE,0,FALSE,92,92,0.23,0.9,0.42,0.4,0.07,0.23,0.0058,0.107,0.0795,6573.333333
38,AFR,Comoros,COM,,,,,,,,,,,,,,,,,1,TRUE,1,TRUE,94,91,0.69,0.15,1.09,1.12,1.67,1.02,0.0131,0.075,0.0256,1326.666667
39,AFR,Congo,COG,,,,,,,,,,,,,,,,,1,TRUE,1,TRUE,78,79,1.26,0.89,1.15,1.3,1.39,1.41,0.0221,0.175,0.0343,2333.333333
40,WPR,Cook Islands,COK,,,,,,,,,,,,,,,,,0,FALSE,0,FALSE,98,98,NA,NA,NA,NA,NA,NA,NA,NA,NA,NA
41,AMR,Costa Rica,CRI,,,,,,,,,,,,,,,,,0,FALSE,0,FALSE,94,95,1.13,0.46,0.54,0.5,0.42,0.72,0.0103,0.0581,0.0534,11100
42,AFR,CÃ´te d'Ivoire,CIV,,,,,,,,,,,,,,,,,1,TRUE,1,TRUE,85,84,0.22,0.96,0.57,0.24,0.48,0.53,0.0148,0.1636,0.0783,1843.333333
43,EUR,Croatia,HRV,,,,,,,,,,,,,,,,,0,FALSE,0,FALSE,94,94,0.53,0.76,0.37,0.59,0.41,0.13,0.0435,0.0679,0.0397,12676.66667
44,AMR,Cuba,CUB,,,,,,,,,,,,,,,,,1,TRUE,0,FALSE,99,99,1.42,0.61,0.32,1.49,0.17,0.04,NA,NA,NA,7355
45,EUR,Cyprus,CYP,,,,,,,,,,,,,,,,,0,FALSE,0,FALSE,96,96,1.08,0.52,0.76,1.01,0.99,0.6,0.0602,0.0986,0.0619,25133.33333
46,EUR,Cyprus,CYP,,,,,,,,,,,,,,,,,0,FALSE,0,FALSE,96,96,1.08,0.52,0.76,1.01,0.99,0.6,NA,NA,0.011,25133.33333
47,EUR,Cyprus,CYP,,,,,,,,,,,,,,,,,0,FALSE,0,FALSE,96,96,1.08,0.52,0.76,1.01,0.99,0.6,0.0602,0.0986,0.0619,25133.33333
48,EUR,Cyprus,CYP,,,,,,,,,,,,,,,,,0,FALSE,0,FALSE,96,96,1.08,0.52,0.76,1.01,0.99,0.6,NA,NA,0.011,25133.33333
49,EUR,Czechia,CZE,,,,,,,,,,,,,,,,,0,FALSE,0,FALSE,97,97,0.94,0.95,1.05,1.25,0.89,0.51,0.0298,0.066,0.0308,18116.66667
50,SEAR,Democratic People's Republic of Korea,PRK,,,,,,,,,,,,,,,,,1,TRUE,1,TRUE,98,97,2.19,0.3,1.65,2.4,1.4,1.59,NA,NA,NA,NA
51,AFR,Democratic Republic of the Congo,COD,,,,,,,,,,,,,,,,,1,TRUE,1,TRUE,59,57,NA,NA,NA,NA,NA,NA,NA,NA,NA,463.3333333
52,EUR,Denmark,DNK,,,,,,,,,,,,,,,,,0,FALSE,0,FALSE,97,97,1.58,1.01,1.9,1.57,1.94,2.11,0.0236,0.0898,0.0408,58413.33333
53,EMR,Djibouti,DJI,,,,,,,,,,,,,,,,,1,TRUE,1,TRUE,85,85,1.41,0.34,0.91,0.77,0.71,0.86,NA,NA,NA,2863.333333
54,AMR,Dominica,DMA,,,,,,,,,,,,,,,,,0,FALSE,0,FALSE,99,99,0.9,1.07,0.69,0.1,0.26,0.53,NA,NA,NA,7143.333333
55,AMR,Dominican Republic,DOM,,,,,,,,,,,,,,,,,0,FALSE,0,FALSE,92,89,0.2,0.02,0.35,0.05,0.36,0.76,NA,0.0491,0.0277,6843.333333
56,AMR,Ecuador,ECU,,,,,,,,,,,,,,,,,0,FALSE,0,FALSE,85,85,0.06,0.19,0.58,0.82,0.4,0.5,0.0089,0.0539,0.0578,5880
57,EMR,Egypt,EGY,,,,,,,,,,,,,,,,,0,FALSE,0,FALSE,95,95,1.43,1.07,0.42,0.83,0.42,0.67,NA,NA,NA,3270
58,AMR,El Salvador,SLV,,,,,,,,,,,,,,,,,0,FALSE,0,FALSE,81,81,0.14,0.13,0.76,0.02,0.47,0.55,0.0083,0.1138,0.0816,3516.666667
59,AFR,Equatorial Guinea,GNQ,,,,,,,,,,,,,,,,,0,FALSE,0,FALSE,55,53,1.86,0.19,1.42,1.52,1.34,1.72,NA,NA,NA,8543.333333
60,AFR,Eritrea,ERI,,,,,,,,,,,,,,,,,1,TRUE,1,TRUE,95,95,2.19,0.72,1.6,2.27,1.76,1.39,NA,NA,NA,NA
61,EUR,Estonia,EST,,,,,,,,,,,,,,,,,0,FALSE,0,FALSE,91,91,1.21,0.64,1.28,1.59,1.17,1.54,0.0572,0.1349,0.0658,18636.66667
62,AFR,Eswatini,SWZ,,,,,,,,,,,,,,,,,0,FALSE,0,FALSE,89,90,1.32,0.38,0.5,0.61,0.68,0.49,0.0139,0.1009,0.0809,3546.666667
63,AFR,Ethiopia,ETH,,,,,,,,,,,,,,,,,1,TRUE,1,TRUE,72,69,1.05,1.28,0.47,0.89,0.63,0.41,NA,0.0254,0.0194,670
64,WPR,Fiji,FJI,,,,,,,,,,,,,,,,,0,FALSE,0,FALSE,99,99,0.09,0.87,0.03,0.22,0.2,0.56,NA,NA,NA,5250
65,EUR,Finland,FIN,,,,,,,,,,,,,,,,,0,FALSE,0,FALSE,91,91,1.59,0.91,2.02,1.85,1.93,2.15,0.0168,0.0799,0.0423,45813.33333
66,EUR,France,FRA,,,,,,,,,,,,,,,,,0,FALSE,0,FALSE,96,96,1.14,0.31,1.41,1.44,1.38,1.3,0.0976,0.3329,0.1828,39480
67,AFR,Gabon,GAB,,,,,,,,,,,,,,,,,0,FALSE,0,FALSE,70,70,1.03,0.18,0.73,0.96,0.9,0.94,0.0265,0.2586,0.1164,7186.666667
68,AFR,Gambia,GMB,,,,,,,,,,,,,,,,,1,TRUE,1,TRUE,88,88,0.22,0.11,0.37,0.66,0.63,0.29,0.0281,0.0478,0.0521,633.3333333
69,EUR,Georgia,GEO,,,,,,,,,,,,,,,,,0,FALSE,1,TRUE,94,94,0.2,0.45,0.31,1.12,0.83,0.67,0.0363,0.0958,0.0515,4176.666667
70,EUR,Germany,DEU,,,,,,,,,,,,,,,,,0,FALSE,0,FALSE,93,93,1.34,0.58,1.62,1.72,1.59,1.9,0.0429,0.1288,0.0321,44550
71,AFR,Ghana,GHA,,,,,,,,,,,,,,,,,1,TRUE,1,TRUE,97,97,0.58,0.1,0.05,0.11,0.21,0.08,0.0276,0.035,0.0597,1870
72,EUR,Greece,GRC,,,,,,,,,,,,,,,,,0,FALSE,0,FALSE,99,99,0.94,0.29,0.2,0.53,0.41,0.01,0.0168,0.0359,0.0246,18890
73,AMR,Grenada,GRD,,,,,,,,,,,,,,,,,0,FALSE,0,FALSE,94,92,0.71,0.96,0.18,0.31,0.14,0.34,NA,NA,NA,8280
74,AMR,Guatemala,GTM,,,,,,,,,,,,,,,,,0,FALSE,0,FALSE,79,85,0.31,0.55,1.05,0.22,0.68,0.9,0.0085,0.0728,0.0738,3890
75,AFR,Guinea,GIN,,,,,,,,,,,,,,,,,1,TRUE,1,TRUE,48,47,0.75,0.83,1.21,0.77,0.78,0.9,0.0359,0.1405,0.0733,786.6666667
76,AFR,Guinea-Bissau,GNB,,,,,,,,,,,,,,,,,1,TRUE,1,TRUE,67,84,0.46,0.56,1.26,1.23,1.51,1.45,NA,NA,NA,656.6666667
77,AMR,Guyana,GUY,,,,,,,,,,,,,,,,,1,TRUE,0,FALSE,97,99,0.28,0.24,0.43,0.62,0.39,0.09,NA,NA,NA,5660
78,AMR,Haiti,HTI,,,,,,,,,,,,,,,,,1,TRUE,1,TRUE,74,51,0.73,0.78,0.97,1.26,2.02,1.34,0.0172,0.204,0.1022,1343.333333
79,AMR,Honduras,HND,,,,,,,,,,,,,,,,,1,TRUE,0,FALSE,87,87,0.55,0.53,1.01,0.49,0.61,0.81,NA,0.0589,0.0466,2143.333333
80,EUR,Hungary,HUN,,,,,,,,,,,,,,,,,0,FALSE,0,FALSE,99,99,0.22,0.73,0.49,0.6,0.5,0,0.0127,0.0263,0.0134,13180
81,EUR,Iceland,ISL,,,,,,,,,,,,,,,,,0,FALSE,0,FALSE,91,91,1.33,1.66,1.77,1.37,1.52,1.71,0.0088,0.2127,0.012,55026.66667
82,SEAR,India,IND,,,,,,,,,,,,,,,,,1,TRUE,1,TRUE,90,91,0.29,0.7,0.03,0.16,0.17,0.23,0.0136,0.02,0.018,1700
83,SEAR,Indonesia,IDN,,,,,,,,,,,,,,,,,1,TRUE,1,TRUE,85,85,0.16,0.48,0.34,0.09,0.18,0.42,0.0301,0.0574,0.1155,3453.333333
84,EMR,Iran (Islamic Republic of),IRN,,,,,,,,,,,,,,,,,0,FALSE,0,FALSE,99,99,1.37,1.7,0.75,1.42,0.55,1.05,0.0172,0.0916,0.0259,5430
85,EMR,Iraq,IRQ,,,,,,,,,,,,,,,,,0,FALSE,0,FALSE,85,84,0.95,2.56,1.72,1.18,1.34,1.34,0.0294,0.0445,0.0387,5270
86,EUR,Ireland,IRL,,,,,,,,,,,,,,,,,0,FALSE,0,FALSE,94,94,1.34,0.97,1.39,1.6,1.28,1.46,0.0394,0.0936,0.0433,52000
87,EUR,Israel,ISR,,,,,,,,,,,,,,,,,0,FALSE,0,FALSE,98,98,0.69,0.78,1.05,1.28,1.33,0.81,0.0088,0.0482,0.0214,36660
88,EUR,Italy,ITA,,,,,,,,,,,,,,,,,0,FALSE,0,FALSE,95,95,0.97,0.46,0.28,0.95,0.46,0.24,0.0823,0.1372,0.0563,32090
89,AMR,Jamaica,JAM,,,,,,,,,,,,,,,,,0,FALSE,0,FALSE,96,96,0.64,0.41,0.31,0.17,0.5,0.06,NA,NA,NA,4683.333333
90,WPR,Japan,JPN,,,,,,,,,,,,,,,,,0,FALSE,0,FALSE,98,98,0.96,1.04,1.54,1.33,1.59,1.48,0.0473,0.0834,0.033,38396.66667
91,EMR,Jordan,JOR,,,,,,,,,,,,,,,,,0,FALSE,0,FALSE,87,89,0.67,0.36,0.14,0.03,0.1,0.13,0.0097,0.0315,0.0233,4010
92,EUR,Kazakhstan,KAZ,,,,,,,,,,,,,,,,,0,FALSE,0,FALSE,97,97,1.21,0.08,0.43,0.14,0.12,0.32,0.0372,0.1034,0.0487,9396.666667
93,AFR,Kenya,KEN,,,,,,,,,,,,,,,,,1,TRUE,1,TRUE,87,92,0.29,1.12,0.45,0.28,0.38,0.78,0.0132,0.053,0.077,1353.333333
94,WPR,Kiribati,KIR,,,,,,,,,,,,,,,,,1,TRUE,1,TRUE,94,97,1.12,1.2,0.74,0.62,0.24,0.37,NA,NA,NA,3136.666667
95,EMR,Kuwait,KWT,,,,,,,,,,,,,,,,,0,FALSE,0,FALSE,99,91,0.63,0.2,0.22,0.06,0.02,0.13,0.0216,0.0409,0.0306,36183.33333
96,EUR,Kyrgyzstan,KGZ,,,,,,,,,,,,,,,,,1,TRUE,1,TRUE,96,95,0.46,0.41,0.89,0.35,0.68,0.95,0.0438,0.0884,0.0715,1133.333333
97,WPR,Lao People's Democratic Republic,LAO,,,,,,,,,,,,,,,,,1,TRUE,1,TRUE,67,68,1.8,0.53,0.94,0.71,0.78,1.06,NA,0.0185,0.0141,2110
98,EUR,Latvia,LVA,,,,,,,,,,,,,,,,,0,FALSE,0,FALSE,99,99,0.88,0.45,1.01,1.19,1.11,0.48,0.0595,0.1707,0.0983,14903.33333
99,EMR,Lebanon,LBN,,,,,,,,,,,,,,,,,0,FALSE,0,FALSE,81,83,0.49,1.64,0.86,0.43,0.83,1.16,NA,0.0335,0.0111,7323.333333
100,AFR,Lesotho,LSO,,,,,,,,,,,,,,,,,1,TRUE,1,TRUE,87,87,0.03,0.35,0.38,0.54,0.83,0.03,NA,NA,NA,1256.666667
101,AFR,Liberia,LBR,,,,,,,,,,,,,,,,,1,TRUE,1,TRUE,74,74,0.03,0.23,1,0.98,1.38,0.88,0.0203,0.0251,0.2759,623.3333333
102,EMR,Libya,LBY,,,,,,,,,,,,,,,,,0,FALSE,0,FALSE,73,73,1.46,2.57,1.85,2.35,1.92,1.6,0.0566,0.0903,0.0557,5216.666667
103,EUR,Lithuania,LTU,,,,,,,,,,,,,,,,,0,FALSE,0,FALSE,92,92,1.02,0.84,1.02,1.16,1.04,0.68,0.0424,0.0828,0.0417,15113.33333
104,EUR,Luxembourg,LUX,,,,,,,,,,,,,,,,,0,FALSE,0,FALSE,99,99,1.52,1.36,1.79,1.7,1.73,2.11,0.0462,0.1237,0.0691,69173.33333
105,AFR,Madagascar,MDG,,,,,,,,,,,,,,,,,1,TRUE,1,TRUE,80,79,0.22,0.25,1.01,0.73,1.14,1.01,0.0228,0.104,0.0499,476.6666667
106,AFR,Malawi,MWI,,,,,,,,,,,,,,,,,1,TRUE,1,TRUE,94,95,0.09,0.27,0.33,0.7,0.75,0.78,0.0092,0.0384,0.0167,353.3333333
107,WPR,Malaysia,MYS,,,,,,,,,,,,,,,,,0,FALSE,0,FALSE,98,98,0.04,0.11,0.59,0.67,1,0.25,0.0312,0.028,0.0409,10260
108,SEAR,Maldives,MDV,,,,,,,,,,,,,,,,,0,FALSE,0,FALSE,99,99,0.44,0.01,0.41,0.48,0.19,0.26,NA,NA,NA,8106.666667
109,AFR,Mali,MLI,,,,,,,,,,,,,,,,,1,TRUE,1,TRUE,72,77,0.41,2.15,0.83,0.57,1.06,0.7,0.0223,0.1714,0.0469,783.3333333
110,EUR,Malta,MLT,,,,,,,,,,,,,,,,,0,FALSE,0,FALSE,97,98,1.11,1.09,0.95,0.96,0.86,0.24,0.0201,0.0625,0.0524,24320
111,WPR,Marshall Islands,MHL,,,,,,,,,,,,,,,,,0,FALSE,0,FALSE,78,79,1.14,0.86,0.03,1.12,1.47,0.04,NA,NA,NA,4280
112,AFR,Mauritania,MRT,,,,,,,,,,,,,,,,,1,TRUE,1,TRUE,81,81,0.78,0.54,0.58,0.76,0.5,0.86,0.0183,0.0962,0.0522,1550
113,AFR,Mauritius,MUS,,,,,,,,,,,,,,,,,0,FALSE,0,FALSE,97,96,0.81,0.82,0.76,1,0.87,0.32,0.0175,0.1702,0.0543,10773.33333
114,AMR,Mexico,MEX,,,,,,,,,,,,,,,,,0,FALSE,0,FALSE,82,82,0.02,0.71,0.66,0.1,0.16,0.82,0.01,0.0654,0.0477,9490
115,WPR,Micronesia (Federated States of),FSM,,,,,,,,,,,,,,,,,0,FALSE,0,FALSE,78,78,1.09,1,0.02,0.96,0.19,0.75,NA,NA,NA,3450
116,EUR,Monaco,MCO,,,,,,,,,,,,,,,,,0,FALSE,0,FALSE,99,99,0.68,1.59,NA,NA,NA,NA,NA,NA,NA,NA
117,WPR,Mongolia,MNG,,,,,,,,,,,,,,,,,0,FALSE,1,TRUE,98,98,0.35,0.64,0.27,0.01,0.19,0.44,0.0426,0.1598,0.0525,3516.666667
118,EUR,Montenegro,MNE,,,,,,,,,,,,,,,,,0,FALSE,0,FALSE,86,86,0.03,0.01,0.1,0.37,0.16,0.03,0.0693,0.1344,0.0704,7253.333333
119,EMR,Morocco,MAR,,,,,,,,,,,,,,,,,0,FALSE,0,FALSE,99,99,0.63,0.37,0.14,0.21,0.12,0.28,0.0166,0.0388,0.0432,2926.666667
120,AFR,Mozambique,MOZ,,,,,,,,,,,,,,,,,1,TRUE,1,TRUE,88,88,0.51,0.75,1.02,0.72,0.82,0.8,0.01,0.0438,0.0917,546.6666667
121,SEAR,Myanmar,MMR,,,,,,,,,,,,,,,,,1,TRUE,1,TRUE,90,90,0.84,1.26,1.06,0.76,1.15,0.63,0.0073,0.042,0.0311,1170
122,AFR,Namibia,NAM,,,,,,,,,,,,,,,,,0,FALSE,0,FALSE,84,87,0.54,0.53,0.31,0.11,0.1,0.37,0.0445,0.1117,0.1571,4890
123,WPR,Nauru,NRU,,,,,,,,,,,,,,,,,0,FALSE,0,FALSE,96,96,0.63,0.86,0.76,0.03,0.13,0.45,NA,NA,NA,12930
124,SEAR,Nepal,NPL,,,,,,,,,,,,,,,,,1,TRUE,1,TRUE,92,93,0.13,0.47,0.54,0.7,1.05,0.67,0.0104,0.0331,0.068,920
125,EUR,Netherlands,NLD,,,,,,,,,,,,,,,,,0,FALSE,0,FALSE,94,94,1.56,0.86,1.81,1.86,1.8,2,0.0567,0.1695,0.1083,47940
126,WPR,New Zealand,NZL,,,,,,,,,,,,,,,,,0,FALSE,0,FALSE,92,92,1.57,1.51,1.88,1.88,1.67,2.17,0.0561,0.0981,0.0663,39666.66667
127,AMR,Nicaragua,NIC,,,,,,,,,,,,,,,,,1,TRUE,0,FALSE,99,98,1.08,1.03,1.18,0.69,0.77,1.12,NA,0.0277,0.0376,1960
128,AFR,Niger,NER,,,,,,,,,,,,,,,,,1,TRUE,1,TRUE,81,81,0.57,1.4,0.53,0.67,0.8,0.55,0.0418,0.0724,0.0345,536.6666667
129,AFR,Nigeria,NGA,,,,,,,,,,,,,,,,,1,TRUE,1,TRUE,57,57,0.41,1.93,0.9,0.86,1.09,1.09,0.0324,0.0495,0.1596,2446.666667
130,WPR,Niue,NIU,,,,,,,,,,,,,,,,,0,FALSE,0,FALSE,99,99,NA,NA,NA,NA,NA,NA,NA,NA,NA,NA
131,EUR,Norway,NOR,,,,,,,,,,,,,,,,,0,FALSE,0,FALSE,97,97,1.69,1.19,1.98,1.8,1.86,2.07,0.0192,0.0567,0.0273,83310
132,EMR,Oman,OMN,,,,,,,,,,,,,,,,,0,FALSE,0,FALSE,99,99,1.14,0.59,0.55,0.29,0.26,0.45,NA,NA,NA,15723.33333
133,EMR,Pakistan,PAK,,,,,,,,,,,,,,,,,1,TRUE,1,TRUE,75,75,0.84,2.25,0.67,0.64,0.68,0.85,0.0205,0.0448,0.0437,1323.333333
134,WPR,Palau,PLW,,,,,,,,,,,,,,,,,0,FALSE,0,FALSE,97,97,1.09,0.86,0.31,0.01,0.05,0.45,NA,NA,NA,16396.66667
135,AMR,Panama,PAN,,,,,,,,,,,,,,,,,0,FALSE,0,FALSE,88,88,0.62,0.31,0.12,0.36,0.07,0.58,0.0157,0.0507,0.0563,12910
136,WPR,Papua New Guinea,PNG,,,,,,,,,,,,,,,,,1,TRUE,1,TRUE,42,35,0.07,0.83,0.8,0.54,0.81,0.99,NA,NA,NA,2720
137,AMR,Paraguay,PRY,,,,,,,,,,,,,,,,,0,FALSE,0,FALSE,84,86,0.08,0,0.56,0.2,0.53,0.83,0.017,0.0796,0.0833,5470
138,AMR,Peru,PER,,,,,,,,,,,,,,,,,0,FALSE,0,FALSE,87,88,0.29,0.14,0.49,0.56,0.07,0.45,0.0312,0.1746,0.1537,6170
139,WPR,Philippines,PHL,,,,,,,,,,,,,,,,,0,FALSE,0,FALSE,66,65,0.03,0.88,0.48,0.01,0.05,0.57,0.0513,0.139,0.0887,3453.333333
140,EUR,Poland,POL,,,,,,,,,,,,,,,,,0,FALSE,0,FALSE,87,95,0.7,0.52,0.45,1.01,0.6,0.6,0.0414,0.0527,0.0396,12920
141,EUR,Portugal,PRT,,,,,,,,,,,,,,,,,0,FALSE,0,FALSE,99,99,1.24,1.13,1.14,0.97,1.15,0.76,NA,0.0514,0.0831,20136.66667
142,EMR,Qatar,QAT,,,,,,,,,,,,,,,,,0,FALSE,0,FALSE,98,98,1.29,0.7,0.73,0.68,0.71,0.85,NA,NA,NA,64970
143,WPR,Republic of Korea,KOR,,,,,,,,,,,,,,,,,0,FALSE,0,FALSE,98,98,0.77,0.48,1.19,1.07,1.38,0.76,0.0511,0.0789,0.0245,29450
144,EUR,Republic of Moldova,MDA,,,,,,,,,,,,,,,,,1,TRUE,1,TRUE,94,91,0.09,0.38,0.37,0.01,0.38,0.62,0.0688,0.1075,0.0726,3270
145,EUR,North Macedonia,MKD,,,,,,,,,,,,,,,,,0,FALSE,0,FALSE,92,92,0,0.05,0.24,0.51,0,0.41,0.0647,0.1352,0.0904,5003.333333
146,EUR,Romania,ROU,,,,,,,,,,,,,,,,,0,FALSE,0,FALSE,88,88,NA,NA,NA,NA,NA,NA,0.0458,0.1289,0.06,9776.666667
147,EUR,Russian Federation,RUS,,,,,,,,,,,,,,,,,0,FALSE,0,FALSE,96,97,1.1,0.54,0.72,0.43,0.15,0.83,0.0947,0.2361,0.1199,10240
148,AFR,Rwanda,RWA,,,,,,,,,,,,,,,,,1,TRUE,1,TRUE,98,98,1.08,0.12,0.08,0.08,0.19,0.56,0.0062,0.0163,0.0065,740
149,AMR,Saint Kitts and Nevis,KNA,,,,,,,,,,,,,,,,,0,FALSE,0,FALSE,96,96,0.84,0.73,0.48,0.5,0.54,0.39,NA,NA,NA,16910
150,AMR,Saint Lucia,LCA,,,,,,,,,,,,,,,,,0,FALSE,0,FALSE,91,92,0.93,0.93,0.57,0.23,0.23,0.52,NA,NA,NA,9423.333333
151,AMR,Saint Vincent and the Grenadines,VCT,,,,,,,,,,,,,,,,,0,FALSE,0,FALSE,99,97,0.93,0.96,0.45,0.21,0.23,0.78,NA,NA,NA,6783.333333
152,WPR,Samoa,WSM,,,,,,,,,,,,,,,,,0,FALSE,0,FALSE,55,58,0.75,1.12,1.08,0.22,0.44,0.64,NA,NA,NA,4046.666667
153,EUR,San Marino,SMR,,,,,,,,,,,,,,,,,0,FALSE,0,FALSE,90,88,1.19,0.9,NA,NA,NA,NA,NA,NA,NA,NA
154,AFR,Sao Tome and Principe,STP,,,,,,,,,,,,,,,,,1,TRUE,1,TRUE,95,95,0.37,0.52,0.68,0.91,0.63,0.23,NA,NA,NA,1680
155,EMR,Saudi Arabia,SAU,,,,,,,,,,,,,,,,,0,FALSE,0,FALSE,97,96,1.62,0.43,0.17,0.07,0.31,0.27,0.0131,0.0273,0.0386,21770
156,AFR,Senegal,SEN,,,,,,,,,,,,,,,,,1,TRUE,1,TRUE,91,93,0.26,0.06,0.19,0.11,0.06,0.05,0.0272,0.1474,0.0941,1290
157,EUR,Serbia,SRB,,,,,,,,,,,,,,,,,0,FALSE,0,FALSE,97,97,0.03,0.09,0.12,0.11,0.02,0.45,0.0538,0.0923,0.0518,5743.333333
158,AFR,Seychelles,SYC,,,,,,,,,,,,,,,,,0,FALSE,0,FALSE,99,99,0.34,0.69,0.17,0.15,0.52,0.97,NA,NA,NA,14070
159,AFR,Sierra Leone,SLE,,,,,,,,,,,,,,,,,1,TRUE,1,TRUE,95,95,0.1,0.1,0.77,0.88,1.13,0.41,0.0065,0.0393,0.0362,520
160,WPR,Singapore,SGP,,,,,,,,,,,,,,,,,0,FALSE,0,FALSE,96,96,0.18,1.53,1.88,2.16,2.22,2.16,0.0211,0.0305,0.0287,53560
161,EUR,Slovakia,SVK,,,,,,,,,,,,,,,,,0,FALSE,0,FALSE,97,97,0.91,0.78,0.56,1.01,0.67,0.33,0.0262,0.0639,0.0239,17020
162,EUR,Slovenia,SVN,,,,,,,,,,,,,,,,,0,FALSE,0,FALSE,95,95,1.01,0.82,1.12,1.01,1.08,0.91,0.058,0.1229,0.0795,22046.66667
163,WPR,Solomon Islands,SLB,,,,,,,,,,,,,,,,,1,TRUE,1,TRUE,93,94,0.6,0.5,0.14,0.83,1,0.01,NA,NA,NA,2166.666667
164,EMR,Somalia,SOM,,,,,,,,,,,,,,,,,1,TRUE,1,TRUE,47,42,1.84,2.38,2.35,2.2,2.24,1.71,NA,NA,NA,290
165,AFR,South Africa,ZAF,,,,,,,,,,,,,,,,,0,FALSE,0,FALSE,77,77,0.67,0.22,0.08,0.16,0.37,0.08,0.0466,0.0899,0.1076,5643.333333
166,AFR,South Sudan,SSD,,,,,,,,,,,,,,,,,1,TRUE,1,TRUE,50,49,1.97,2.56,1.97,2.05,2.45,1.77,NA,NA,NA,1090
167,EUR,Spain,ESP,,,,,,,,,,,,,,,,,0,FALSE,0,FALSE,96,96,1.09,0.32,0.98,1.05,1,0.65,0.0501,0.0704,0.0586,27676.66667
168,SEAR,Sri Lanka,LKA,,,,,,,,,,,,,,,,,1,TRUE,1,TRUE,99,99,0.04,0.23,0.01,0.18,0.11,0.32,0.0067,0.0704,0.0353,3813.333333
169,EMR,Sudan,SDN,,,,,,,,,,,,,,,,,1,TRUE,1,TRUE,93,93,1.64,1.67,1.14,1.67,1.62,1.37,NA,NA,NA,1450
170,AMR,Suriname,SUR,,,,,,,,,,,,,,,,,0,FALSE,0,FALSE,76,77,0.39,0.11,0.06,0.68,0.59,0.39,NA,NA,NA,7250
171,EUR,Sweden,SWE,,,,,,,,,,,,,,,,,0,FALSE,0,FALSE,98,98,1.59,1.05,1.91,1.8,1.83,2.12,0.022,0.1228,0.0312,55270
172,EUR,Switzerland,CHE,,,,,,,,,,,,,,,,,0,FALSE,0,FALSE,96,96,1.53,1.34,1.91,1.66,1.95,1.98,0.0926,0.2154,0.0768,85153.33333
173,EMR,Syrian Arab Republic,SYR,,,,,,,,,,,,,,,,,0,FALSE,0,FALSE,60,54,1.98,2.73,2.08,1.76,1.71,1.69,NA,NA,NA,NA
174,EUR,Tajikistan,TJK,,,,,,,,,,,,,,,,,1,TRUE,1,TRUE,97,97,1.83,0.58,1.23,1.01,1.05,1.32,0.0067,0.009,0.0078,1133.333333
175,SEAR,Thailand,THA,,,,,,,,,,,,,,,,,0,FALSE,0,FALSE,97,97,0.83,0.54,0.1,0.12,0.36,0.41,0.0121,0.0301,0.0225,5793.333333
176,SEAR,Timor-Leste,TLS,,,,,,,,,,,,,,,,,1,TRUE,1,TRUE,90,83,NA,NA,NA,NA,NA,NA,NA,NA,NA,1910
177,AFR,Togo,TGO,,,,,,,,,,,,,,,,,1,TRUE,1,TRUE,78,84,0.72,0.81,0.59,0.68,0.92,0.75,0.0306,0.2501,0.122,676.6666667
178,WPR,Tonga,TON,,,,,,,,,,,,,,,,,0,FALSE,0,FALSE,99,99,0.56,1.12,0.46,0.33,0.16,0.35,NA,NA,NA,4480
179,AMR,Trinidad and Tobago,TTO,,,,,,,,,,,,,,,,,0,FALSE,0,FALSE,93,93,0.62,0.06,0.12,0.15,0.1,0.19,NA,NA,NA,17256.66667
180,EMR,Tunisia,TUN,,,,,,,,,,,,,,,,,0,FALSE,0,FALSE,92,92,0.28,0.83,0.06,0.44,0.1,0.08,0.0264,0.0506,0.0329,3746.666667
181,EUR,Turkey,TUR,,,,,,,,,,,,,,,,,0,FALSE,0,FALSE,99,99,0.81,1.34,0.28,0.01,0.05,0.29,0.0346,0.0589,0.0358,11420
182,EUR,Turkmenistan,TKM,,,,,,,,,,,,,,,,,0,FALSE,0,FALSE,99,99,2.13,0.09,1.41,1.96,1.16,1.51,0.0539,0.0485,0.0532,6746.666667
183,WPR,Tuvalu,TUV,,,,,,,,,,,,,,,,,0,FALSE,0,FALSE,92,92,1.12,1.2,0.48,0.56,0.65,0.41,NA,NA,NA,5103.333333
184,AFR,Uganda,UGA,,,,,,,,,,,,,,,,,1,TRUE,1,TRUE,92,93,0.62,0.65,0.31,0.37,0.59,1.17,0.0164,0.0853,0.1363,786.6666667
185,EUR,Ukraine,UKR,,,,,,,,,,,,,,,,,0,FALSE,0,FALSE,78,80,0.06,1.52,0.7,0.26,0.3,0.71,0.0429,0.1527,0.0706,2446.666667
186,EMR,United Arab Emirates,ARE,,,,,,,,,,,,,,,,,0,FALSE,0,FALSE,95,99,1.12,0.7,0.84,0.98,1.38,1.11,0.0245,0.0438,0.0339,40906.66667
187,EUR,United Kingdom of Great Britain and Northern Ireland,GBR,,,,,,,,,,,,,,,,,0,FALSE,0,FALSE,93,93,1.26,0.52,1.6,1.63,1.44,1.77,0.0355,0.0873,0.0266,42853.33333
188,AFR,United Republic of Tanzania,TZA,,,,,,,,,,,,,,,,,1,TRUE,1,TRUE,89,89,0.5,0.36,0.58,0.64,0.88,0.39,0.0058,0.0229,0.0426,973.3333333
189,AMR,United States of America,USA,,,,,,,,,,,,,,,,,0,FALSE,0,FALSE,93,94,0.97,0.3,1.46,1.35,1.49,1.22,0.0606,0.1109,0.0579,57823.33333
190,AMR,Uruguay,URY,,,,,,,,,,,,,,,,,0,FALSE,0,FALSE,93,94,1.26,1.05,0.62,0.51,0.7,1.25,0.0236,0.1076,0.0684,15660
191,EUR,Uzbekistan,UZB,,,,,,,,,,,,,,,,,1,TRUE,1,TRUE,98,96,1.61,0.27,1.05,0.99,0.51,1.05,0.0048,0.0332,0.0113,2533.333333
192,WPR,Vanuatu,VUT,,,,,,,,,,,,,,,,,0,FALSE,0,FALSE,90,90,0.66,1.03,0.18,0.46,0.55,0.26,NA,NA,NA,2796.666667
193,AMR,Venezuela (Bolivarian Republic of),VEN,,,,,,,,,,,,,,,,,0,FALSE,0,FALSE,62,64,1.41,1.45,2.32,2.36,1.66,1.51,0.0015,0.0405,0.0249,NA
194,WPR,Viet Nam,VNM,,,,,,,,,,,,,,,,,1,TRUE,1,TRUE,89,89,1.38,0.13,0.02,0.26,0.04,0.51,0.0139,0.0811,0.0357,2060
195,EMR,Yemen,YEM,,,,,,,,,,,,,,,,,1,TRUE,1,TRUE,67,73,1.77,2.77,1.77,1.66,2.28,1.68,0.0184,0.0306,0.0322,1140
196,AFR,Zambia,ZMB,,,,,,,,,,,,,,,,,1,TRUE,1,TRUE,89,88,0.29,0.1,0.46,0.55,0.68,0.64,0.0234,0.1028,0.0815,1416.666667
197,AFR,Zimbabwe,ZWE,,,,,,,,,,,,,,,,,0,FALSE,1,TRUE,90,90,1.14,0.92,1.26,1.46,1.21,1.24,0.0057,0.0376,0.0185,1320